{"cameraMode":{"drawMode":31,"name":"Sprite Mask","section":"Miscellaneous"},"sceneLighting":false,"audioPlay":false,"sceneViewState":{"m_AlwaysRefresh":false,"showFog":true,"showSkybox":false,"showFlares":true,"showImageEffects":true,"showParticleSystems":true,"showVisualEffectGraphs":true,"m_FxEnabled":true},"in2DMode":false,"pivot":{"x":-122.58699035644531,"y":110.63002014160156,"z":53.90599822998047},"rotation":{"x":0.1980627328157425,"y":0.7796627879142761,"z":-0.30178478360176089,"w":0.5117053985595703},"size":0.000017320508050033823,"orthographic":false}